text,label
"The document is well-structured, but the core ideas are unworkable.",mixed
Page 3 contains the definitions of key terms.,neutral
The proposed changes are beneficial for all stakeholders.,positive
This amendment will increase compliance costs for small businesses.,negative
This section covers the reporting requirements.,neutral
The draft policy consists of 12 main articles.,neutral
"The new amendment is effective from January 1, 2024.",neutral
This is a flawed approach and should be reconsidered.,negative
This will bring some benefits but also introduce new risks.,mixed
The policy discusses both benefits and risks.,neutral
This is a flawed approach and should be reconsidered.,negative
"The new amendment is effective from January 1, 2024.",neutral
I agree with some points but find others highly problematic.,mixed
Clause 4 lists the filing timelines.,neutral
This is a flawed approach and should be reconsidered.,negative
I support the goals but disagree with the current methods.,mixed
This is a fantastic initiative for public welfare.,positive
"While the intent is good, the implementation might be challenging.",mixed
This section covers the reporting requirements.,neutral
The lack of clarity in this document is concerning.,negative
"I fully support this amendment, it is a step in the right direction.",positive
The new penalty is disproportionately high.,negative
Clause 4 lists the filing timelines.,neutral
I support the goals but disagree with the current methods.,mixed
Clause 4 lists the filing timelines.,neutral
This is a flawed approach and should be reconsidered.,negative
This clause will significantly improve corporate governance.,positive
The document outlines the procedural requirements for registration.,neutral
The draft policy consists of 12 main articles.,neutral
"While the intent is good, the implementation might be challenging.",mixed
This is a well-thought-out policy that will streamline processes.,positive
The board's decision is commendable and will boost confidence.,positive
The board's decision is commendable and will boost confidence.,positive
This will bring some benefits but also introduce new risks.,mixed
"I fully support this amendment, it is a step in the right direction.",positive
Page 3 contains the definitions of key terms.,neutral
The attached document is an official circular.,neutral
"The first half is commendable, the second half needs significant changes.",mixed
"The document is well-structured, but the core ideas are unworkable.",mixed
The proposed changes are an unnecessary burden on the industry.,negative
This section covers the reporting requirements.,neutral
I support the goals but disagree with the current methods.,mixed
"I appreciate the effort, yet I have concerns about the timelines.",mixed
I am optimistic about the positive impact of this draft.,positive
"It's a good start, but the current version has too many loopholes.",mixed
This will bring some benefits but also introduce new risks.,mixed
Clause 4 lists the filing timelines.,neutral
I am strongly against this policy; it lacks foresight.,negative
This is a very poor decision that will harm the economy.,negative
The draft policy consists of 12 main articles.,neutral
Clause 4 lists the filing timelines.,neutral
This section covers the reporting requirements.,neutral
I am optimistic about the positive impact of this draft.,positive
The new rules will simplify compliance for businesses.,positive
This is a very poor decision that will harm the economy.,negative
This is a flawed approach and should be reconsidered.,negative
"While the intent is good, the implementation might be challenging.",mixed
This is a flawed approach and should be reconsidered.,negative
This clause will significantly improve corporate governance.,positive
"The new amendment is effective from January 1, 2024.",neutral
This will negatively impact market competitiveness.,negative
This clause is vague and will create ambiguity.,negative
"The new amendment is effective from January 1, 2024.",neutral
"I fully support this amendment, it is a step in the right direction.",positive
"While the intent is good, the implementation might be challenging.",mixed
The new rules will simplify compliance for businesses.,positive
I agree with some points but find others highly problematic.,mixed
I support the goals but disagree with the current methods.,mixed
The proposed changes are beneficial for all stakeholders.,positive
The new regulation will enhance transparency and promote fairness.,positive
"It's a good start, but the current version has too many loopholes.",mixed
The lack of clarity in this document is concerning.,negative
I support the goals but disagree with the current methods.,mixed
"The first half is commendable, the second half needs significant changes.",mixed
"The first half is commendable, the second half needs significant changes.",mixed
"The new amendment is effective from January 1, 2024.",neutral
This will negatively impact market competitiveness.,negative
This section covers the reporting requirements.,neutral
The attached document is an official circular.,neutral
"I appreciate the effort, yet I have concerns about the timelines.",mixed
The policy is strong on paper but weak in execution.,mixed
"I fully support this amendment, it is a step in the right direction.",positive
"While the intent is good, the implementation might be challenging.",mixed
The lack of clarity in this document is concerning.,negative
Clause 4 lists the filing timelines.,neutral
"The first half is commendable, the second half needs significant changes.",mixed
This amendment will increase compliance costs for small businesses.,negative
This is a fantastic initiative for public welfare.,positive
The document outlines the procedural requirements for registration.,neutral
"While the intent is good, the implementation might be challenging.",mixed
This is a fantastic initiative for public welfare.,positive
"The new amendment is effective from January 1, 2024.",neutral
This will negatively impact market competitiveness.,negative
The board's decision seems rushed and lacks proper consultation.,negative
"I fully support this amendment, it is a step in the right direction.",positive
This will negatively impact market competitiveness.,negative
The attached document is an official circular.,neutral
The board's decision is commendable and will boost confidence.,positive
"While the intent is good, the implementation might be challenging.",mixed
The policy is strong on paper but weak in execution.,mixed
I am strongly against this policy; it lacks foresight.,negative
I am optimistic about the positive impact of this draft.,positive
The policy discusses both benefits and risks.,neutral
This is a well-thought-out policy that will streamline processes.,positive
"I fully support this amendment, it is a step in the right direction.",positive
The document outlines the procedural requirements for registration.,neutral
This is a flawed approach and should be reconsidered.,negative
This amendment will increase compliance costs for small businesses.,negative
I am optimistic about the positive impact of this draft.,positive
The lack of clarity in this document is concerning.,negative
This section describes the board's responsibilities.,neutral
This is a fantastic initiative for public welfare.,positive
This report provides statistics on last year's filings.,neutral
This will negatively impact market competitiveness.,negative
The lack of clarity in this document is concerning.,negative
"I appreciate the effort, yet I have concerns about the timelines.",mixed
This is a well-thought-out policy that will streamline processes.,positive
The document outlines the procedural requirements for registration.,neutral
This is a flawed approach and should be reconsidered.,negative
The attached document is an official circular.,neutral
This section covers the reporting requirements.,neutral
The document outlines the procedural requirements for registration.,neutral
The draft policy consists of 12 main articles.,neutral
The proposed changes are beneficial for all stakeholders.,positive
I am optimistic about the positive impact of this draft.,positive
The attached document is an official circular.,neutral
This is a fantastic initiative for public welfare.,positive
This clause is vague and will create ambiguity.,negative
Page 3 contains the definitions of key terms.,neutral
The attached document is an official circular.,neutral
This section covers the reporting requirements.,neutral
I believe this will lead to a more efficient system.,positive
"The document is well-structured, but the core ideas are unworkable.",mixed
The document outlines the procedural requirements for registration.,neutral
I am strongly against this policy; it lacks foresight.,negative
The new regulation will enhance transparency and promote fairness.,positive
This is a fantastic initiative for public welfare.,positive
Clause 4 lists the filing timelines.,neutral
This is a fantastic initiative for public welfare.,positive
The proposed changes are an unnecessary burden on the industry.,negative
"It's a good start, but the current version has too many loopholes.",mixed
This clause will significantly improve corporate governance.,positive
This will negatively impact market competitiveness.,negative
"The new amendment is effective from January 1, 2024.",neutral
I agree with some points but find others highly problematic.,mixed
"It's a good start, but the current version has too many loopholes.",mixed
This is a fantastic initiative for public welfare.,positive
"I appreciate the effort, yet I have concerns about the timelines.",mixed
I agree with some points but find others highly problematic.,mixed
The attached document is an official circular.,neutral
The document outlines the procedural requirements for registration.,neutral
The draft policy consists of 12 main articles.,neutral
The new rules will simplify compliance for businesses.,positive
"I appreciate the effort, yet I have concerns about the timelines.",mixed
The new penalty is disproportionately high.,negative
The new rules will simplify compliance for businesses.,positive
"It's a good start, but the current version has too many loopholes.",mixed
This section covers the reporting requirements.,neutral
"It's a good start, but the current version has too many loopholes.",mixed
This report provides statistics on last year's filings.,neutral
This section describes the board's responsibilities.,neutral
This is a fantastic initiative for public welfare.,positive
"I fully support this amendment, it is a step in the right direction.",positive
"It's a good start, but the current version has too many loopholes.",mixed
I am optimistic about the positive impact of this draft.,positive
I agree with some points but find others highly problematic.,mixed
The attached document is an official circular.,neutral
The lack of clarity in this document is concerning.,negative
This section describes the board's responsibilities.,neutral
I support the goals but disagree with the current methods.,mixed
The draft policy consists of 12 main articles.,neutral
The policy is strong on paper but weak in execution.,mixed
This is a very poor decision that will harm the economy.,negative
"The new amendment is effective from January 1, 2024.",neutral
This section covers the reporting requirements.,neutral
The attached document is an official circular.,neutral
This is a flawed approach and should be reconsidered.,negative
The new rules will simplify compliance for businesses.,positive
I am optimistic about the positive impact of this draft.,positive
This will bring some benefits but also introduce new risks.,mixed
Clause 4 lists the filing timelines.,neutral
"The new amendment is effective from January 1, 2024.",neutral
The draft policy consists of 12 main articles.,neutral
"The new amendment is effective from January 1, 2024.",neutral
The lack of clarity in this document is concerning.,negative
The board's decision seems rushed and lacks proper consultation.,negative
This clause is vague and will create ambiguity.,negative
The attached document is an official circular.,neutral
"The new amendment is effective from January 1, 2024.",neutral
"It's a good start, but the current version has too many loopholes.",mixed
This amendment will increase compliance costs for small businesses.,negative
This will negatively impact market competitiveness.,negative
I agree with some points but find others highly problematic.,mixed
This is a flawed approach and should be reconsidered.,negative
The new penalty is disproportionately high.,negative
The new rules will simplify compliance for businesses.,positive
This clause will significantly improve corporate governance.,positive
I am strongly against this policy; it lacks foresight.,negative
The lack of clarity in this document is concerning.,negative
I am strongly against this policy; it lacks foresight.,negative
The new rules will simplify compliance for businesses.,positive
This will negatively impact market competitiveness.,negative
"I appreciate the effort, yet I have concerns about the timelines.",mixed
"It's a good start, but the current version has too many loopholes.",mixed
"It's a good start, but the current version has too many loopholes.",mixed
I am strongly against this policy; it lacks foresight.,negative
This section describes the board's responsibilities.,neutral
The policy is strong on paper but weak in execution.,mixed
"The new amendment is effective from January 1, 2024.",neutral
The document outlines the procedural requirements for registration.,neutral
The attached document is an official circular.,neutral
This section describes the board's responsibilities.,neutral
"While the intent is good, the implementation might be challenging.",mixed
The lack of clarity in this document is concerning.,negative
This will bring some benefits but also introduce new risks.,mixed
"Some parts are excellent, but the penalty clauses need revision.",mixed
The new penalty is disproportionately high.,negative
I agree with some points but find others highly problematic.,mixed
This amendment will increase compliance costs for small businesses.,negative
This amendment will increase compliance costs for small businesses.,negative
"The document is well-structured, but the core ideas are unworkable.",mixed
The board's decision is commendable and will boost confidence.,positive
This section describes the board's responsibilities.,neutral
The new regulation will enhance transparency and promote fairness.,positive
"I appreciate the effort, yet I have concerns about the timelines.",mixed
The lack of clarity in this document is concerning.,negative
The new regulation will enhance transparency and promote fairness.,positive
The draft policy consists of 12 main articles.,neutral
The policy discusses both benefits and risks.,neutral
This clause will significantly improve corporate governance.,positive
"It's a good start, but the current version has too many loopholes.",mixed
"While the intent is good, the implementation might be challenging.",mixed
I believe this will lead to a more efficient system.,positive
This is a flawed approach and should be reconsidered.,negative
The lack of clarity in this document is concerning.,negative
This is a very poor decision that will harm the economy.,negative
The new penalty is disproportionately high.,negative
I am optimistic about the positive impact of this draft.,positive
"The document is well-structured, but the core ideas are unworkable.",mixed
Clause 4 lists the filing timelines.,neutral
I agree with some points but find others highly problematic.,mixed
"I appreciate the effort, yet I have concerns about the timelines.",mixed
Page 3 contains the definitions of key terms.,neutral
This is a very poor decision that will harm the economy.,negative
"While the intent is good, the implementation might be challenging.",mixed
Clause 4 lists the filing timelines.,neutral
I am strongly against this policy; it lacks foresight.,negative
The draft policy consists of 12 main articles.,neutral
This is a very poor decision that will harm the economy.,negative
"I fully support this amendment, it is a step in the right direction.",positive
The lack of clarity in this document is concerning.,negative
This section describes the board's responsibilities.,neutral
This will bring some benefits but also introduce new risks.,mixed
The document outlines the procedural requirements for registration.,neutral
This is a very poor decision that will harm the economy.,negative
I support the goals but disagree with the current methods.,mixed
"It's a good start, but the current version has too many loopholes.",mixed
I am optimistic about the positive impact of this draft.,positive
This is a fantastic initiative for public welfare.,positive
"The new amendment is effective from January 1, 2024.",neutral
The policy discusses both benefits and risks.,neutral
The proposed changes are beneficial for all stakeholders.,positive
"Some parts are excellent, but the penalty clauses need revision.",mixed
This is a very poor decision that will harm the economy.,negative
I agree with some points but find others highly problematic.,mixed
The draft policy consists of 12 main articles.,neutral
The board's decision seems rushed and lacks proper consultation.,negative
The lack of clarity in this document is concerning.,negative
This is a well-thought-out policy that will streamline processes.,positive
This amendment will increase compliance costs for small businesses.,negative
This report provides statistics on last year's filings.,neutral
"I appreciate the effort, yet I have concerns about the timelines.",mixed
This amendment will increase compliance costs for small businesses.,negative
The attached document is an official circular.,neutral
Clause 4 lists the filing timelines.,neutral
"The first half is commendable, the second half needs significant changes.",mixed
Clause 4 lists the filing timelines.,neutral
The new penalty is disproportionately high.,negative
The proposed changes are an unnecessary burden on the industry.,negative
This is a flawed approach and should be reconsidered.,negative
This amendment will increase compliance costs for small businesses.,negative
I am strongly against this policy; it lacks foresight.,negative
The policy is strong on paper but weak in execution.,mixed
"I appreciate the effort, yet I have concerns about the timelines.",mixed
"I appreciate the effort, yet I have concerns about the timelines.",mixed
I am strongly against this policy; it lacks foresight.,negative
This will negatively impact market competitiveness.,negative
This report provides statistics on last year's filings.,neutral
"The document is well-structured, but the core ideas are unworkable.",mixed
This report provides statistics on last year's filings.,neutral
This clause is vague and will create ambiguity.,negative
The board's decision seems rushed and lacks proper consultation.,negative
This is a flawed approach and should be reconsidered.,negative
This is a well-thought-out policy that will streamline processes.,positive
The document outlines the procedural requirements for registration.,neutral
This is a flawed approach and should be reconsidered.,negative
Page 3 contains the definitions of key terms.,neutral
The proposed changes are beneficial for all stakeholders.,positive
The policy discusses both benefits and risks.,neutral
The attached document is an official circular.,neutral
This is a flawed approach and should be reconsidered.,negative
The proposed changes are an unnecessary burden on the industry.,negative
This is a well-thought-out policy that will streamline processes.,positive
This section covers the reporting requirements.,neutral
This amendment will increase compliance costs for small businesses.,negative
Clause 4 lists the filing timelines.,neutral
This section describes the board's responsibilities.,neutral
The lack of clarity in this document is concerning.,negative
I am strongly against this policy; it lacks foresight.,negative
"It's a good start, but the current version has too many loopholes.",mixed
This amendment will increase compliance costs for small businesses.,negative
The new regulation will enhance transparency and promote fairness.,positive
This report provides statistics on last year's filings.,neutral
This clause is vague and will create ambiguity.,negative
The board's decision is commendable and will boost confidence.,positive
This will bring some benefits but also introduce new risks.,mixed
This is a well-thought-out policy that will streamline processes.,positive
"I appreciate the effort, yet I have concerns about the timelines.",mixed
The board's decision is commendable and will boost confidence.,positive
This is a flawed approach and should be reconsidered.,negative
This will negatively impact market competitiveness.,negative
This is a flawed approach and should be reconsidered.,negative
This clause will significantly improve corporate governance.,positive
"The new amendment is effective from January 1, 2024.",neutral
"I fully support this amendment, it is a step in the right direction.",positive
This clause is vague and will create ambiguity.,negative
"The new amendment is effective from January 1, 2024.",neutral
I support the goals but disagree with the current methods.,mixed
The lack of clarity in this document is concerning.,negative
The board's decision is commendable and will boost confidence.,positive
This section covers the reporting requirements.,neutral
I support the goals but disagree with the current methods.,mixed
"It's a good start, but the current version has too many loopholes.",mixed
"It's a good start, but the current version has too many loopholes.",mixed
This clause is vague and will create ambiguity.,negative
"The new amendment is effective from January 1, 2024.",neutral
"While the intent is good, the implementation might be challenging.",mixed
This report provides statistics on last year's filings.,neutral
Page 3 contains the definitions of key terms.,neutral
"Some parts are excellent, but the penalty clauses need revision.",mixed
This will negatively impact market competitiveness.,negative
The board's decision seems rushed and lacks proper consultation.,negative
The attached document is an official circular.,neutral
"I appreciate the effort, yet I have concerns about the timelines.",mixed
Page 3 contains the definitions of key terms.,neutral
I agree with some points but find others highly problematic.,mixed
"It's a good start, but the current version has too many loopholes.",mixed
This is a fantastic initiative for public welfare.,positive
This is a fantastic initiative for public welfare.,positive
The board's decision seems rushed and lacks proper consultation.,negative
I am optimistic about the positive impact of this draft.,positive
This is a flawed approach and should be reconsidered.,negative
I believe this will lead to a more efficient system.,positive
The document outlines the procedural requirements for registration.,neutral
The draft policy consists of 12 main articles.,neutral
The attached document is an official circular.,neutral
"It's a good start, but the current version has too many loopholes.",mixed
Page 3 contains the definitions of key terms.,neutral
The proposed changes are beneficial for all stakeholders.,positive
The new regulation will enhance transparency and promote fairness.,positive
This clause is vague and will create ambiguity.,negative
The board's decision seems rushed and lacks proper consultation.,negative
This is a flawed approach and should be reconsidered.,negative
I believe this will lead to a more efficient system.,positive
Page 3 contains the definitions of key terms.,neutral
This amendment will increase compliance costs for small businesses.,negative
"It's a good start, but the current version has too many loopholes.",mixed
"It's a good start, but the current version has too many loopholes.",mixed
This is a well-thought-out policy that will streamline processes.,positive
The attached document is an official circular.,neutral
This section covers the reporting requirements.,neutral
The draft policy consists of 12 main articles.,neutral
"The document is well-structured, but the core ideas are unworkable.",mixed
This amendment will increase compliance costs for small businesses.,negative
This is a well-thought-out policy that will streamline processes.,positive
This section covers the reporting requirements.,neutral
This clause is vague and will create ambiguity.,negative
The draft policy consists of 12 main articles.,neutral
The attached document is an official circular.,neutral
The lack of clarity in this document is concerning.,negative
This clause is vague and will create ambiguity.,negative
This amendment will increase compliance costs for small businesses.,negative
The policy is strong on paper but weak in execution.,mixed
The proposed changes are beneficial for all stakeholders.,positive
Clause 4 lists the filing timelines.,neutral
The proposed changes are beneficial for all stakeholders.,positive
Page 3 contains the definitions of key terms.,neutral
The proposed changes are an unnecessary burden on the industry.,negative
The new rules will simplify compliance for businesses.,positive
The proposed changes are an unnecessary burden on the industry.,negative
This is a well-thought-out policy that will streamline processes.,positive
This section covers the reporting requirements.,neutral
"The document is well-structured, but the core ideas are unworkable.",mixed
The attached document is an official circular.,neutral
This report provides statistics on last year's filings.,neutral
The document outlines the procedural requirements for registration.,neutral
This section covers the reporting requirements.,neutral
"The first half is commendable, the second half needs significant changes.",mixed
This will bring some benefits but also introduce new risks.,mixed
The policy discusses both benefits and risks.,neutral
The proposed changes are beneficial for all stakeholders.,positive
The board's decision is commendable and will boost confidence.,positive
This will negatively impact market competitiveness.,negative
Page 3 contains the definitions of key terms.,neutral
This section describes the board's responsibilities.,neutral
This is a flawed approach and should be reconsidered.,negative
The lack of clarity in this document is concerning.,negative
Page 3 contains the definitions of key terms.,neutral
I support the goals but disagree with the current methods.,mixed
"The new amendment is effective from January 1, 2024.",neutral
This section covers the reporting requirements.,neutral
This will negatively impact market competitiveness.,negative
Page 3 contains the definitions of key terms.,neutral
The proposed changes are beneficial for all stakeholders.,positive
This section describes the board's responsibilities.,neutral
This section covers the reporting requirements.,neutral
This report provides statistics on last year's filings.,neutral
The new regulation will enhance transparency and promote fairness.,positive
"Some parts are excellent, but the penalty clauses need revision.",mixed
The policy discusses both benefits and risks.,neutral
This is a well-thought-out policy that will streamline processes.,positive
"I appreciate the effort, yet I have concerns about the timelines.",mixed
This section describes the board's responsibilities.,neutral
The proposed changes are an unnecessary burden on the industry.,negative
The proposed changes are an unnecessary burden on the industry.,negative
The new penalty is disproportionately high.,negative
I am strongly against this policy; it lacks foresight.,negative
I am optimistic about the positive impact of this draft.,positive
This amendment will increase compliance costs for small businesses.,negative
"The first half is commendable, the second half needs significant changes.",mixed
"While the intent is good, the implementation might be challenging.",mixed
The new rules will simplify compliance for businesses.,positive
Page 3 contains the definitions of key terms.,neutral
This is a very poor decision that will harm the economy.,negative
"Some parts are excellent, but the penalty clauses need revision.",mixed
The new rules will simplify compliance for businesses.,positive
I believe this will lead to a more efficient system.,positive
This clause is vague and will create ambiguity.,negative
Clause 4 lists the filing timelines.,neutral
This will negatively impact market competitiveness.,negative
"I fully support this amendment, it is a step in the right direction.",positive
This is a very poor decision that will harm the economy.,negative
The draft policy consists of 12 main articles.,neutral
Page 3 contains the definitions of key terms.,neutral
This is a flawed approach and should be reconsidered.,negative
The policy is strong on paper but weak in execution.,mixed
The attached document is an official circular.,neutral
The board's decision seems rushed and lacks proper consultation.,negative
The new rules will simplify compliance for businesses.,positive
The document outlines the procedural requirements for registration.,neutral
"The first half is commendable, the second half needs significant changes.",mixed
This section describes the board's responsibilities.,neutral
I agree with some points but find others highly problematic.,mixed
The board's decision is commendable and will boost confidence.,positive
"While the intent is good, the implementation might be challenging.",mixed
This is a fantastic initiative for public welfare.,positive
This is a well-thought-out policy that will streamline processes.,positive
This is a well-thought-out policy that will streamline processes.,positive
I support the goals but disagree with the current methods.,mixed
This report provides statistics on last year's filings.,neutral
I am optimistic about the positive impact of this draft.,positive
The proposed changes are an unnecessary burden on the industry.,negative
The new regulation will enhance transparency and promote fairness.,positive
This section covers the reporting requirements.,neutral
This clause will significantly improve corporate governance.,positive
Clause 4 lists the filing timelines.,neutral
"Some parts are excellent, but the penalty clauses need revision.",mixed
"I fully support this amendment, it is a step in the right direction.",positive
I believe this will lead to a more efficient system.,positive
"I appreciate the effort, yet I have concerns about the timelines.",mixed
"I appreciate the effort, yet I have concerns about the timelines.",mixed
I am optimistic about the positive impact of this draft.,positive
The new rules will simplify compliance for businesses.,positive
The document outlines the procedural requirements for registration.,neutral
"The document is well-structured, but the core ideas are unworkable.",mixed
I am optimistic about the positive impact of this draft.,positive
Clause 4 lists the filing timelines.,neutral
"The first half is commendable, the second half needs significant changes.",mixed
This clause is vague and will create ambiguity.,negative
The policy is strong on paper but weak in execution.,mixed
The proposed changes are an unnecessary burden on the industry.,negative
The new rules will simplify compliance for businesses.,positive
The lack of clarity in this document is concerning.,negative
"I appreciate the effort, yet I have concerns about the timelines.",mixed
This is a fantastic initiative for public welfare.,positive
The attached document is an official circular.,neutral
Clause 4 lists the filing timelines.,neutral
I support the goals but disagree with the current methods.,mixed
This clause is vague and will create ambiguity.,negative
This amendment will increase compliance costs for small businesses.,negative
This section covers the reporting requirements.,neutral
This section covers the reporting requirements.,neutral
This section covers the reporting requirements.,neutral
The new regulation will enhance transparency and promote fairness.,positive
I believe this will lead to a more efficient system.,positive
This is a flawed approach and should be reconsidered.,negative
The new rules will simplify compliance for businesses.,positive
I agree with some points but find others highly problematic.,mixed
The document outlines the procedural requirements for registration.,neutral
"I fully support this amendment, it is a step in the right direction.",positive
